name,role,company,industry,location,linkedin_bio
Ava Patel,Head of Growth,FlowMetrics,B2B SaaS,San Francisco,"Driving revenue growth for mid-market SaaS companies through innovative marketing strategies."
Ben Carter,Senior Account Manager,Innovate Inc.,Enterprise Software,New York,"Experienced sales professional helping enterprise clients find software solutions."
Chloe Davis,Marketing Intern,Creative Solutions,Advertising,London,"Eager to learn about digital marketing and content creation in the ad space."
David Chen,VP of Engineering,DataCore,Data Analytics,Remote,"Leading engineering teams to build scalable data infrastructure. Not involved in sales tool procurement."
Emily White,Director of Sales,ConnectSphere,MarTech,Austin,"Building and leading high-performance sales teams to exceed revenue targets in the marketing technology space."
Frank Miller,CEO & Founder,LeadGen AI,Sales Automation,Remote,"Founder of a startup focused on AI-powered lead generation for SaaS companies."
Grace Lee,Product Manager,HealthFirst,Healthcare,Boston,"Product manager focused on developing patient management software. Limited role in sales purchasing."
Henry Wilson,Chief Revenue Officer (CRO),FinanceGrid,FinTech,Chicago,"CRO specializing in scaling FinTech companies from Series A to IPO."
Isla Martin,IT Support Specialist,RetailGiant,Retail,Dallas,"Providing technical support for internal POS systems."
Jack Thompson,Senior Content Strategist,ContentFlow,Digital Media,Los Angeles,"Crafting compelling content that drives engagement for media brands."
Katherine Hall,VP of Marketing,CloudVerse,Cloud Computing,Seattle,"Vice President of Marketing with 15 years of experience in the cloud infrastructure market."
Liam Young,Sales Development Representative,ProspectNow,B2B SaaS,Denver,"Top-performing SDR passionate about booking meetings for account executives."
Mia Scott,Data Scientist,QuantumLeap,AI Research,Palo Alto,"Analyzing large datasets to build predictive models. No purchasing responsibilities."
Noah Green,Account Executive,SolutionSell,Enterprise Software,Atlanta,"Closing large enterprise deals for a leading software provider."
Olivia Adams,HR Manager,PeopleFirst,Human Resources,Miami,"Managing employee relations and recruitment. Not involved in sales or marketing tools."
Peter Wright,Lead Software Engineer,CodeBase,Developer Tools,Remote,"Senior engineer focused on building robust APIs for developer-centric products."
Quinn Baker,Marketing Manager,MarketMoment,MarTech,Toronto,"Managing demand generation campaigns and marketing automation for a mid-size MarTech firm."
Ryan Clark,Founder,EcomBoost,E-commerce,Remote,"Bootstrapped founder of an e-commerce analytics platform."
Sophia Lewis,Chief Financial Officer,MoneyWise,FinTech,New York,"CFO managing financial strategy and compliance. Approves budgets but not a primary tool user."
Thomas Walker,Customer Success Manager,SupportZen,Customer Support Software,Dublin,"Ensuring customers get the most value out of our support software."
Victoria Hill,Head of Demand Generation,SaaSy,B2B SaaS,London,"Leading demand gen with a focus on ABM and pipeline creation for SaaS products."
William Roberts,Operations Manager,LogiChain,Logistics,Houston,"Overseeing supply chain and logistics operations for a major shipping company."
Xavier Cook,Junior Analyst,InvestRight,Financial Services,New York,"Entry-level analyst supporting the investment team with market research."
Yara Diaz,Principal Software Architect,SecureNet,Cybersecurity,Washington DC,"Designing secure and scalable software architectures for cybersecurity platforms."
Zoe Perez,Sales Operations Lead,PipelinePros,Sales Automation,San Francisco,"Managing the sales tech stack including CRM and outreach tools for a high-growth team."
Adrian King,VP of Product,Prodify,Product Management Software,Remote,"Vice President overseeing the entire product lifecycle and strategy. Influences tool decisions."
Brianna Bell,Social Media Coordinator,BuzzFeed,Digital Media,New York,"Managing social media accounts and content scheduling."
Charles Murphy,Director of IT,GlobalCorp,Manufacturing,Detroit,"Director of Information Technology focused on internal infrastructure and ERP systems."
Diana Ross,CEO,HealthTech Innovators,Healthcare,Nashville,"CEO of a fast-growing health-tech startup. Oversees all strategic decisions."
Ethan Howard,Senior DevOps Engineer,DeployFast,Cloud Computing,Remote,"Automating infrastructure and deployment pipelines for cloud applications."
Fiona Kelly,Content Marketing Manager,Blogify,Digital Media,Austin,"Developing content strategies to grow organic traffic for a media tech company."
George Russell,Head of Partnerships,Alloy,FinTech,London,"Building strategic partnerships with banks and financial institutions."
Hannah Price,UI/UX Designer,PixelPerfect,Design Agency,Remote,"Designing user interfaces for mobile and web applications."
Ian Stewart,Sales Manager,CloseMoreDeals,B2B SaaS,Chicago,"Leading a team of account executives to meet and exceed sales quotas."
Jasmine Barnes,Digital Marketing Specialist,AdOptimize,Advertising,Los Angeles,"Running PPC campaigns and optimizing ad spend for various clients."
Kevin Coleman,Chief Technology Officer (CTO),CodeStream,Developer Tools,San Francisco,"CTO responsible for the technical vision and engineering team."
Laura Bailey,Director of Customer Success,RenewWell,Subscription Services,Denver,"Ensuring high customer retention and satisfaction. Key influencer on tool adoption."
Mason Cox,Financial Analyst,BankCo,Financial Services,New York,"Analyzing market trends and financial statements."
Natalie Ramirez,Founder & CEO,EventGrid,Event Technology,Remote,"Founder of a platform for virtual and hybrid events."
Oscar Reed,Systems Administrator,DataCenter Inc.,IT Services,Phoenix,"Maintaining server infrastructure and network security."
Penelope Gray,Head of Sales Operations,ScaleUp,B2B SaaS,Remote,"Responsible for the entire sales process and technology stack."
Quentin James,Business Development Manager,Expandly,Market Expansion,Singapore,"Focused on entering new markets and identifying strategic growth opportunities."
Rachel Patterson,Chief Marketing Officer (CMO),BrandBoost,MarTech,New York,"CMO driving brand strategy and market leadership."
Samuel Morgan,VP of Engineering,BuildIt,Construction Tech,Austin,"Leading the engineering department for a construction software company."
Tiffany Brooks,Account Manager,ClientFirst,Consulting,Chicago,"Managing key client accounts and relationships."
Ulysses Henderson,Data Engineer,AnalyticsNow,Data Analytics,Remote,"Building and maintaining data pipelines for our analytics platform."
Violet Simmons,Recruiter,HireFast,Human Resources,San Francisco,"Sourcing and recruiting top talent for tech companies."
Walter Perry,Director of Finance,MoneyFlow,FinTech,London,"Overseeing financial planning and analysis. Involved in budget approval."
Wendy Foster,Marketing Director,SaaSGenius,B2B SaaS,Boston,"Director of marketing for a high-growth SaaS company."
Xander Washington,Product Owner,FeatureShip,Product Management Software,Remote,"Prioritizing features and managing the product backlog."
Yvonne Powell,Head of Legal,Lawful,Legal Tech,New York,"Leading the legal department and managing compliance."
Zachary Long,Customer Support Agent,HelpDeskHero,Customer Support Software,Remote,"Assisting customers with product issues via chat and email."
Aisha Khan,VP of Sales (APAC),GlobalSales,Enterprise Software,Singapore,"Vice President leading sales efforts across the Asia-Pacific region."
Blake Hughes,IT Director,HealthCorp,Healthcare,Philadelphia,"Managing IT infrastructure for a large hospital network."
Carla Jenkins,Founder,FashionForward,E-commerce,Paris,"Founder of a direct-to-consumer fashion brand."
Dominic Sanders,Senior Sales Engineer,TechDemo,B2B SaaS,Remote,"Providing technical demonstrations and support to the sales team."
Eliza Schmidt,Head of Content,WordWeavers,Content Marketing,Remote,"Leading a team of writers and editors to produce high-quality content."
Frederick O'Connell,Chief Operating Officer,Efficiently,Logistics,Rotterdam,"COO focused on optimizing operational processes and supply chains."
Gabriela Fischer,Marketing Analytics Manager,DataDriven,MarTech,Berlin,"Analyzing marketing campaign performance and providing data-backed insights."
Harold Webb,Director of Operations,FactoryFlow,Manufacturing,Munich,"Overseeing production and operations at a large manufacturing plant."
Isabelle Laurent,VP of Customer Experience,Delightful,Customer Support Software,Remote,"Ensuring a world-class experience for all our customers."
Javier Moreno,Sales Director (LATAM),VentaMax,B2B SaaS,Mexico City,"Director of Sales for the Latin American market."
Kiara Lima,Social Media Manager,InstaFamous,Social Media,Los Angeles,"Developing and executing social media strategies for celebrity clients."
Leo Petrov,Head of Engineering,DevEx,Developer Tools,Remote,"Leading the engineering team with a focus on developer experience and productivity."
Mara Jovanovic,CEO,EduTech,Education Technology,Belgrade,"CEO of an EdTech startup focused on online learning platforms."
Nico Wagner,Senior Product Manager,FinApp,FinTech,Frankfurt,"Leading product development for a mobile banking application."
Olga Kuznetsova,Head of HR,PeoplePower,Human Resources,Moscow,"Managing all human resources functions for a large tech company."
Paolo Ricci,Founder,Gusto,Hospitality,Rome,"Founder of a popular restaurant chain and reservation software."
Qasim Al-Jamil,Director of Business Development (MENA),ExpandGlobal,Market Expansion,Dubai,"Leading business development efforts in the Middle East and North Africa."
Rina Tanaka,Marketing Manager,TokyoTech,Enterprise Software,Tokyo,"Marketing manager for an enterprise software company in Japan."
Stefan Ionescu,VP of Engineering,CyberSecure,Cybersecurity,Bucharest,"Leading the engineering team for a cybersecurity startup."
Tanya Sharma,Head of Growth,SaaSGuru,B2B SaaS,Bangalore,"Driving user acquisition and revenue growth for a SaaS product in the Indian market."
Umar Hassan,CEO,DesertLogistics,Logistics,Riyadh,"CEO of a major logistics and shipping company in the Gulf region."
Vera Schmidt,Head of Design,CreativeUI,Design Agency,Berlin,"Leading the design team at a top user experience agency."
Wei Chen,Director of Manufacturing,MadeInChina,Manufacturing,Shenzhen,"Overseeing the entire manufacturing process for an electronics company."
Ximena Rojas,Sales Manager,AndesSales,B2B SaaS,Santiago,"Managing the sales team for the Andean region."
Yusuf Demir,Founder,Bazaar,E-commerce,Istanbul,"Founder of a successful e-commerce marketplace for local artisans."
Zara Novak,Chief People Officer,CultureFirst,Human Resources,Prague,"Leading the HR and culture initiatives for a fast-growing tech company."
Andres Vargas,VP of Sales (LatAm),CloudSolutions,Cloud Computing,Bogota,"Vice President of Sales for Latin America focused on cloud services."
Beatriz Costa,Head of Marketing,BrazilTech,B2B SaaS,Sao Paulo,"Leading marketing for a prominent Brazilian SaaS company."
Chen Wei,CEO,AI-Innovate,AI Research,Beijing,"CEO of a leading artificial intelligence research lab."
Daria Ivanova,Product Director,GameDev,Gaming,St Petersburg,"Directing product strategy for a successful mobile gaming studio."
Elias Virtanen,Founder,HelsinkiDesign,Design Agency,Helsinki,"Founder of a minimalist design agency."
Fatima Al-Fassi,Director of Finance,GulfInvest,Financial Services,Doha,"Managing financial operations for a major investment fund."
Gustav Johansson,Head of Engineering,StockholmDev,FinTech,Stockholm,"Leading the engineering team for a Swedish FinTech company."
Heidi Kruger,Marketing VP,BerlinSaaS,B2B SaaS,Berlin,"VP of Marketing focused on the European SaaS market."
Ivan Horvat,CEO,AdriaticSoft,Enterprise Software,Zagreb,"CEO of a custom enterprise software development company."
Jia Li,Director of Operations,ShanghaiLogistics,Logistics,Shanghai,"Overseeing logistics and supply chain for a massive e-commerce platform."
Kenji Tanaka,VP of Sales (Japan),TechCorp,Enterprise Software,Tokyo,"Leading enterprise sales for a major tech corporation in Japan."
Lina Petrova,Head of Product,BalticDev,Developer Tools,Vilnius,"Leading product for a developer tools company in the Baltics."
Marek Kowalski,CTO,WarsawGames,Gaming,Warsaw,"Chief Technology Officer for a Polish video game developer."
Nia Okoro,Founder,LagosFinTech,FinTech,Lagos,"Founder of a mobile payment solution for the Nigerian market."
Omar Said,CEO,CairoSoft,B2B SaaS,Cairo,"CEO of a leading SaaS provider in the Middle East."
Priya Singh,Director of Marketing,IndiaSaaS,B2B SaaS,Mumbai,"Leading marketing efforts for a high-growth Indian SaaS company."